{
  "total": {
    "totalUSD": 584195.2276864613,
    "participantsNum": 55
  },
  "address1": {
    "address": "0:a0ddd162a6d180fc7d39891f5453b8670ee5e0bdb511b6fbe1e9da4848ce03af",
    "participantsNum": 6,
    "totalEvers": 3245582.800274981,
    "totalUSD": 292102.4520247483
  },
  "address2": {
    "address": "0:a94c82af0485ec5b7fcc810d945d800613c2862e1e0b37d8c3c29b038443b518",
    "participantsNum": 49,
    "totalEvers": 3245475.285130144,
    "totalUSD": 292092.775661713
  },
  "reward": {
    "reward": 10.3
  }
}
